,index,PT_oxide,formula,space_group,E_hi_sym_bulk,n_bulk_hi_sym,n_bulk,E_rattle_bulk,rattle_txt,hi_sym_vac,hi_sym_vac_BD,E_hi_sym_vac,bandgap_hi_sym_vac,rattle_vac_site,rattle_vac_BD,E_rattle_vac,bandgap_rattle_vac,MP_ehull,MP_Eg,E_hs_transformed,E_rb_transformed,vacancy_formation_energy,Eg,bulk,group,poscar_name,vacancy_poscar_name,E_vac_min,minimum
0,1,alkaline_earth_metal_oxides,SrO,Fm-3m,,,48.0,-27.05606269,,,,,,s1_0,50.0%,-1285.79098999,1.1262,0.0,3.2748,,-1298.69100912,6.969539059999919,1.1262,rattle,SrO_Fm-3m_s1_0,alkaline_earth_metal_oxides_SrO_Fm-3m,alkaline_earth_metal_oxides_SrO_Fm-3m_s1_0_50.0%,-1285.79098999,True
20,22,alkaline_earth_metal_oxides,MgO,Fm-3m,,,80.0,-16.1257185,,,,,,s1_0,-40.0%,-1276.50764355,3.0813999999999995,0.0,4.4292,,-1290.0574800000002,7.619356380000157,3.0813999999999995,rattle,MgO_Fm-3m_s1_0,alkaline_earth_metal_oxides_MgO_Fm-3m,alkaline_earth_metal_oxides_MgO_Fm-3m_s1_0_-40.0%,-1276.50764355,True
33,36,alkaline_earth_metal_oxides,CaO,Cmce,,,13.0,-75.73063326,,,,,,s6_0,-40.0%,-972.43534879,0.8940999999999999,0.2097698550000002,2.0869,,-984.4982323800001,6.13240352000007,0.8940999999999999,rattle,CaO_Cmce_s6_0,alkaline_earth_metal_oxides_CaO_Cmce,alkaline_earth_metal_oxides_CaO_Cmce_s6_0_-40.0%,-972.43534879,True
49,52,alkaline_earth_metal_oxides,CaO,Cmce,,,13.0,-75.73063326,,,,,,s4_0,-60.0%,-972.44195682,0.6704000000000001,0.2097698550000002,2.0869,,-984.4982323800001,6.125795490000131,0.6704000000000001,rattle,CaO_Cmce_s4_0,alkaline_earth_metal_oxides_CaO_Cmce,alkaline_earth_metal_oxides_CaO_Cmce_s4_0_-60.0%,-972.44195682,True
63,67,alkaline_earth_metal_oxides,BaO,P4__nmm,,,27.0,-75.11705854,,,,,,s2_0,20.0%,-2026.80462278,0.4505999999999996,0.1316646424999996,2.7678000000000003,,-2028.16058058,-4.574522270000058,0.4505999999999996,rattle,BaO_P4__nmm_s2_0,alkaline_earth_metal_oxides_BaO_P4__nmm,alkaline_earth_metal_oxides_BaO_P4__nmm_s2_0_20.0%,-2026.80462278,True
66,71,alkaline_earth_metal_oxides,BeO,Fm-3m,,,96.0,-16.29098091,,,,,,s1_0,60.0%,-1549.74659251,5.200200000000001,0.4814747275000002,8.1681,,-1563.9341673599997,8.257094779999692,5.200200000000001,rattle,BeO_Fm-3m_s1_0,alkaline_earth_metal_oxides_BeO_Fm-3m,alkaline_earth_metal_oxides_BeO_Fm-3m_s1_0_60.0%,-1549.74659251,True
88,94,alkaline_earth_metal_oxides,BeO,P6_3mc,,,60.0,-32.61210132,,,,,,s2_0,-60.0%,-1942.45593351,5.8189,0.0,7.463900000000001,,-1956.7260792,8.339665619999936,5.8189,rattle,BeO_P6_3mc_s2_0,alkaline_earth_metal_oxides_BeO_P6_3mc,alkaline_earth_metal_oxides_BeO_P6_3mc_s2_0_-60.0%,-1942.45593351,True
97,104,alkaline_earth_metal_oxides,BaO,P6_3__mmc,,,24.0,-75.57975451,,,,,,s2_0,30.0%,-1802.05000891,0.4712999999999994,0.0257656074999994,2.3602000000000003,,-1813.9141082400001,5.933619260000045,0.4712999999999994,rattle,BaO_P6_3__mmc_s2_0,alkaline_earth_metal_oxides_BaO_P6_3__mmc,alkaline_earth_metal_oxides_BaO_P6_3__mmc_s2_0_30.0%,-1802.05000891,True
110,118,alkaline_earth_metal_oxides,BeO,P4_2__mnm,,,12.0,-65.09929915,,,,,,s4_0,30.0%,-766.77101073,5.6691,0.0117376287499997,7.0846,,-781.1915898,8.490099000000031,5.6691,rattle,BeO_P4_2__mnm_s4_0,alkaline_earth_metal_oxides_BeO_P4_2__mnm,alkaline_earth_metal_oxides_BeO_P4_2__mnm_s4_0_30.0%,-766.77101073,True
117,126,alkaline_earth_metal_oxides,CaO,Fm-3m,,,48.0,-19.45423252,,,,,,s1_0,50.0%,-920.38822229,1.0502000000000002,0.0,3.630100000000001,,-933.80316096,7.48445859999997,1.0502000000000002,rattle,CaO_Fm-3m_s1_0,alkaline_earth_metal_oxides_CaO_Fm-3m,alkaline_earth_metal_oxides_CaO_Fm-3m_s1_0_50.0%,-920.38822229,True
141,151,alkaline_earth_metal_oxides,BaO,Fm-3m,,,64.0,-37.82774975,,,,,,s8_0,20.0%,-2409.253574,3.1624,0.0,2.0906,,-2420.975984,5.791929930000309,3.1624,rattle,BaO_Fm-3m_s8_0,alkaline_earth_metal_oxides_BaO_Fm-3m,alkaline_earth_metal_oxides_BaO_Fm-3m_s8_0_20.0%,-2409.253574,True
145,156,alkaline_earth_metal_oxides,MgO,P-6m2,,,75.0,-16.12603299,,,,,,s1_0,-10.0%,-1195.99713643,3.1107999999999993,0.3374968550000004,3.0483,,-1209.4524742499998,7.524857749999841,3.1107999999999993,rattle,MgO_P-6m2_s1_0,alkaline_earth_metal_oxides_MgO_P-6m2,alkaline_earth_metal_oxides_MgO_P-6m2_s1_0_-10.0%,-1195.99713643,True
157,169,alkaline_earth_metal_oxides,MgO,P6_3mc,,,32.0,-31.78000885,,,,,,s2_0,60.0%,-1004.3425914,2.1742999999999997,0.0741400825000004,3.3701,,-1016.9602832,6.687211730000103,2.1742999999999997,rattle,MgO_P6_3mc_s2_0,alkaline_earth_metal_oxides_MgO_P6_3mc,alkaline_earth_metal_oxides_MgO_P6_3mc_s2_0_60.0%,-1004.3425914,True
174,187,alkali_metal_oxides,Li2O,Fm-3m,,,80.0,-16.83040483,,,,,,s2_0,-50.0%,-1333.10971181,2.7459,0.0,4.854,,-1346.4323863999998,7.392194519999906,2.7459,rattle,Li2O_Fm-3m_s2_0,alkali_metal_oxides_Li2O_Fm-3m,alkali_metal_oxides_Li2O_Fm-3m_s2_0_-50.0%,-1333.10971181,True
182,196,alkali_metal_oxides,Rb2O,Fm-3m,,,18.0,-74.06387706,,,,,,s5_0,50.0%,-1322.84240311,0.9381999999999996,0.0031695866666665,1.3192,,-1333.14978708,4.376903899999819,0.9381999999999996,rattle,Rb2O_Fm-3m_s5_0,alkali_metal_oxides_Rb2O_Fm-3m,alkali_metal_oxides_Rb2O_Fm-3m_s5_0_50.0%,-1322.84240311,True
204,218,alkali_metal_oxides,Rb2O,Fm-3m,,,18.0,-74.06387706,,,,,,s4_0,0.0%,-1322.8409609,0.9367,0.0031695866666665,1.3192,,-1333.14978708,4.378346109999869,0.9367,rattle,Rb2O_Fm-3m_s4_0,alkali_metal_oxides_Rb2O_Fm-3m,alkali_metal_oxides_Rb2O_Fm-3m_s4_0_0.0%,-1322.8409609,True
215,230,alkali_metal_oxides,K2O,Fm-3m,,,18.0,-43.07782753,,,,,,s5_0,-40.0%,-764.66759839,1.0683,0.0,1.7072,,-775.40089554,4.802817079999999,1.0683,rattle,K2O_Fm-3m_s5_0,alkali_metal_oxides_K2O_Fm-3m,alkali_metal_oxides_K2O_Fm-3m_s5_0_-40.0%,-764.66759839,True
226,241,alkali_metal_oxides,K2O,Fm-3m,,,18.0,-43.07782753,,,,,,s4_0,-50.0%,-764.66467638,1.068,0.0,1.7072,,-775.40089554,4.805739090000019,1.068,rattle,K2O_Fm-3m_s4_0,alkali_metal_oxides_K2O_Fm-3m,alkali_metal_oxides_K2O_Fm-3m_s4_0_-50.0%,-764.66467638,True
235,251,alkali_metal_oxides,Cs2O,R-3m,,,32.0,-59.49863268,,,,,,s16_0,60.0%,-1894.52463189,0.7563,0.0,0.5831999999999997,,-1903.95624576,3.5011338000000922,0.7563,rattle,Cs2O_R-3m_s16_0,alkali_metal_oxides_Cs2O_R-3m,alkali_metal_oxides_Cs2O_R-3m_s16_0_60.0%,-1894.52463189,True
252,269,alkali_metal_oxides,Na2O,Fm-3m,,,64.0,-17.26364116,,,,,,s16_0,-50.0%,-1093.62011122,1.0472,0.0,1.8736,,-1104.87303424,5.322442950000026,1.0472,rattle,Na2O_Fm-3m_s16_0,alkali_metal_oxides_Na2O_Fm-3m,alkali_metal_oxides_Na2O_Fm-3m_s16_0_-50.0%,-1093.62011122,True
266,283,group_13_metal_oxides,In2O3,Pbca,-577.43253441,4.0,,,,s32_0,30.0%,-2299.99037107,1.3935999999999993,,,,,,,-2309.73013764,,3.809286500000029,1.3935999999999993,higher_symmetry,In2O3_Pbca_s32_0,group_13_metal_oxides_In2O3_Pbca_higher_symmetry,group_13_metal_oxides_In2O3_Pbca_s32_0_30.0%,-2299.99037107,True
277,294,group_13_metal_oxides,In2O3,Pbca,-577.43253441,4.0,,,,s24_0,-20.0%,-2300.22441982,1.4847,,,,,,,-2309.73013764,,3.575237749999973,1.4847,higher_symmetry,In2O3_Pbca_s24_0,group_13_metal_oxides_In2O3_Pbca_higher_symmetry,group_13_metal_oxides_In2O3_Pbca_s24_0_-20.0%,-2300.22441982,True
292,309,group_13_metal_oxides,In2O3,Pbca,-577.43253441,4.0,,,,s16_0,30.0%,-2300.00434563,1.4097,,,,,,,-2309.73013764,,3.7953119400000777,1.4097,higher_symmetry,In2O3_Pbca_s16_0,group_13_metal_oxides_In2O3_Pbca_higher_symmetry,group_13_metal_oxides_In2O3_Pbca_s16_0_30.0%,-2300.00434563,True
308,326,group_13_metal_oxides,Tl4O3,P2_1__m,-471.61422602,6.0,,,,s8_0,0.0%,-2821.74417906,1.3555,,,,,,,-2829.68535612,,2.010696989999973,1.3555,higher_symmetry,Tl4O3_P2_1__m_s8_0,group_13_metal_oxides_Tl4O3_P2_1__m_higher_symmetry,group_13_metal_oxides_Tl4O3_P2_1__m_s8_0_0.0%,-2821.74417906,True
315,333,group_13_metal_oxides,Tl4O3,P2_1__m,-471.61422602,6.0,,,,s12_0,-30.0%,-2821.78727621,1.2695000000000007,,,,,,,-2829.68535612,,1.9675998399999788,1.2695000000000007,higher_symmetry,Tl4O3_P2_1__m_s12_0,group_13_metal_oxides_Tl4O3_P2_1__m_higher_symmetry,group_13_metal_oxides_Tl4O3_P2_1__m_s12_0_-30.0%,-2821.78727621,True
335,353,group_13_metal_oxides,Tl4O3,P2_1__m,-471.61422602,6.0,,,,s10_0,-60.0%,-2821.81364136,1.4402,,,,,,,-2829.68535612,,1.941234690000032,1.4402,higher_symmetry,Tl4O3_P2_1__m_s10_0,group_13_metal_oxides_Tl4O3_P2_1__m_higher_symmetry,group_13_metal_oxides_Tl4O3_P2_1__m_s10_0_-60.0%,-2821.81364136,True
346,367,group_13_metal_oxides,In2O3,Ia-3,-578.67896193,4.0,,,,s16_0,40.0%,-2305.42613765,1.3743999999999996,,,,,,,-2314.71584772,,3.359230000000183,1.3743999999999996,higher_symmetry,In2O3_Ia-3_s16_0,group_13_metal_oxides_In2O3_Ia-3_higher_symmetry,group_13_metal_oxides_In2O3_Ia-3_s16_0_40.0%,-2305.42613765,True
355,378,group_13_metal_oxides,Tl2O,R-3m,,,16.0,-228.7277975,,,,,,s5_0,-20.0%,-3649.82498972,0.5219999999999994,0.0,0.5717000000000003,,-3659.64476,3.8892902100002846,0.5219999999999994,rattle,Tl2O_R-3m_s5_0,group_13_metal_oxides_Tl2O_R-3m,group_13_metal_oxides_Tl2O_R-3m_s5_0_-20.0%,-3649.82498972,True
369,392,group_13_metal_oxides,Tl2O,R-3m,,,16.0,-228.7277975,,,,,,s4_0,-50.0%,-3649.82390521,0.5200000000000005,0.0,0.5717000000000003,,-3659.64476,3.89037472000034,0.5200000000000005,rattle,Tl2O_R-3m_s4_0,group_13_metal_oxides_Tl2O_R-3m,group_13_metal_oxides_Tl2O_R-3m_s4_0_-50.0%,-3649.82390521,True
377,400,group_13_metal_oxides,Tl2O3,Ia-3,-1025.9401739,4.0,,,,s16_0,50.0%,-4098.52587551,1.2872,,,,,,,-4103.7606956,,-0.6956599800003698,1.2872,higher_symmetry,Tl2O3_Ia-3_s16_0,group_13_metal_oxides_Tl2O3_Ia-3_higher_symmetry,group_13_metal_oxides_Tl2O3_Ia-3_s16_0_50.0%,-4098.52587551,True
402,427,group_13_metal_oxides,Al2O3,R-3c,,,18.0,-96.26938966,,,,,,s4_0,10.0%,-1719.27885237,4.7003,0.0,5.853700000000001,,-1732.84901388,7.639681439999935,4.7003,rattle,Al2O3_R-3c_s4_0,group_13_metal_oxides_Al2O3_R-3c,group_13_metal_oxides_Al2O3_R-3c_s4_0_10.0%,-1719.27885237,True
412,437,group_13_metal_oxides,Al2O3,Pna2_1,-384.01862888,2.0,,,,s18_0,-60.0%,-753.90603054,3.9857,,,,,,,-768.03725776,,8.200747150000028,3.9857,higher_symmetry,Al2O3_Pna2_1_s18_0,group_13_metal_oxides_Al2O3_Pna2_1_higher_symmetry,group_13_metal_oxides_Al2O3_Pna2_1_s18_0_-60.0%,-753.90603054,True
423,448,group_13_metal_oxides,Al2O3,Pna2_1,-384.01862888,2.0,,,,s19_0,40.0%,-754.41286121,5.05,,,,,,,-768.03725776,,7.693916480000029,5.05,higher_symmetry,Al2O3_Pna2_1_s19_0,group_13_metal_oxides_Al2O3_Pna2_1_higher_symmetry,group_13_metal_oxides_Al2O3_Pna2_1_s19_0_40.0%,-754.41286121,True
436,461,group_13_metal_oxides,Al2O3,Pna2_1,-384.01862888,2.0,,,,s16_0,40.0%,-754.06940511,4.640199999999999,,,,,,,-768.03725776,,8.037372579999941,4.640199999999999,higher_symmetry,Al2O3_Pna2_1_s16_0,group_13_metal_oxides_Al2O3_Pna2_1_higher_symmetry,group_13_metal_oxides_Al2O3_Pna2_1_s16_0_40.0%,-754.06940511,True
442,467,group_13_metal_oxides,Al2O3,Pna2_1,-384.01862888,2.0,,,,s21_0,60.0%,-753.90539297,4.290400000000001,,,,,,,-768.03725776,,8.201384720000009,4.290400000000001,higher_symmetry,Al2O3_Pna2_1_s21_0,group_13_metal_oxides_Al2O3_Pna2_1_higher_symmetry,group_13_metal_oxides_Al2O3_Pna2_1_s21_0_60.0%,-753.90539297,True
459,484,group_13_metal_oxides,Al2O3,Pna2_1,-384.01862888,2.0,,,,s17_0,-50.0%,-753.996535,4.722100000000001,,,,,,,-768.03725776,,8.110242689999994,4.722100000000001,higher_symmetry,Al2O3_Pna2_1_s17_0,group_13_metal_oxides_Al2O3_Pna2_1_higher_symmetry,group_13_metal_oxides_Al2O3_Pna2_1_s17_0_-50.0%,-753.996535,True
468,493,group_13_metal_oxides,Al2O3,Pna2_1,-384.01862888,2.0,,,,s28_0,60.0%,-753.92201983,4.436299999999999,,,,,,,-768.03725776,,8.184757860000035,4.436299999999999,higher_symmetry,Al2O3_Pna2_1_s28_0,group_13_metal_oxides_Al2O3_Pna2_1_higher_symmetry,group_13_metal_oxides_Al2O3_Pna2_1_s28_0_60.0%,-753.92201983,True
480,505,group_13_metal_oxides,Al2O3,Pna2_1,,,2.0,-368.90167827,,,,,,s25_0,50.0%,-730.71416666,2.2078999999999995,0.0168870407500003,4.8274,,-737.80335654,1.1587098099999356,2.2078999999999995,rattle,Al2O3_Pna2_1_s25_0,group_13_metal_oxides_Al2O3_Pna2_1,group_13_metal_oxides_Al2O3_Pna2_1_s25_0_50.0%,-730.71416666,True
500,525,group_13_metal_oxides,Al2O3,Pna2_1,,,2.0,-368.90167827,,,,,,s32_0,-40.0%,-732.56456687,1.0123000000000006,0.0168870407500003,4.8274,,-737.80335654,-0.6916904000000397,1.0123000000000006,rattle,Al2O3_Pna2_1_s32_0,group_13_metal_oxides_Al2O3_Pna2_1,group_13_metal_oxides_Al2O3_Pna2_1_s32_0_-40.0%,-732.56456687,True
506,531,group_13_metal_oxides,Al2O3,Pna2_1,,,2.0,-368.90167827,,,,,,s24_0,50.0%,-732.42547964,0.8871000000000002,0.0168870407500003,4.8274,,-737.80335654,-0.5526031700000669,0.8871000000000002,rattle,Al2O3_Pna2_1_s24_0,group_13_metal_oxides_Al2O3_Pna2_1,group_13_metal_oxides_Al2O3_Pna2_1_s24_0_50.0%,-732.42547964,True
531,556,group_13_metal_oxides,Al2O3,Pna2_1,,,2.0,-368.90167827,,,,,,s18_0,10.0%,-733.51802691,2.2596000000000007,0.0168870407500003,4.8274,,-737.80335654,-1.6451504400000214,2.2596000000000007,rattle,Al2O3_Pna2_1_s18_0,group_13_metal_oxides_Al2O3_Pna2_1,group_13_metal_oxides_Al2O3_Pna2_1_s18_0_10.0%,-733.51802691,True
532,557,group_13_metal_oxides,Al2O3,Pna2_1,,,2.0,-368.90167827,,,,,,s30_0,50.0%,-732.26074372,2.0012000000000008,0.0168870407500003,4.8274,,-737.80335654,-0.3878672500000686,2.0012000000000008,rattle,Al2O3_Pna2_1_s30_0,group_13_metal_oxides_Al2O3_Pna2_1,group_13_metal_oxides_Al2O3_Pna2_1_s30_0_50.0%,-732.26074372,True
555,580,group_13_metal_oxides,Al2O3,Pna2_1,,,2.0,-368.90167827,,,,,,s31_0,-60.0%,-732.8581628,1.5055000000000005,0.0168870407500003,4.8274,,-737.80335654,-0.9852863299999637,1.5055000000000005,rattle,Al2O3_Pna2_1_s31_0,group_13_metal_oxides_Al2O3_Pna2_1,group_13_metal_oxides_Al2O3_Pna2_1_s31_0_-60.0%,-732.8581628,True
560,585,group_13_metal_oxides,Al2O3,Pna2_1,,,2.0,-368.90167827,,,,,,s19_0,-10.0%,-733.80923144,2.5185000000000004,0.0168870407500003,4.8274,,-737.80335654,-1.9363549699999805,2.5185000000000004,rattle,Al2O3_Pna2_1_s19_0,group_13_metal_oxides_Al2O3_Pna2_1,group_13_metal_oxides_Al2O3_Pna2_1_s19_0_-10.0%,-733.80923144,True
576,601,group_13_metal_oxides,Al2O3,Pna2_1,,,2.0,-368.90167827,,,,,,s36_0,-50.0%,-739.33266516,2.8062000000000005,0.0168870407500003,4.8274,,-737.80335654,-7.459788690000051,2.8062000000000005,rattle,Al2O3_Pna2_1_s36_0,group_13_metal_oxides_Al2O3_Pna2_1,group_13_metal_oxides_Al2O3_Pna2_1_s36_0_-50.0%,-739.33266516,True
594,619,group_13_metal_oxides,Al2O3,Pna2_1,,,2.0,-368.90167827,,,,,,s33_0,-60.0%,-739.73784892,2.0568,0.0168870407500003,4.8274,,-737.80335654,-7.864972450000051,2.0568,rattle,Al2O3_Pna2_1_s33_0,group_13_metal_oxides_Al2O3_Pna2_1,group_13_metal_oxides_Al2O3_Pna2_1_s33_0_-60.0%,-739.73784892,True
605,630,group_13_metal_oxides,Al2O3,Pna2_1,,,2.0,-368.90167827,,,,,,s35_0,40.0%,-738.08990397,2.5853,0.0168870407500003,4.8274,,-737.80335654,-6.217027500000041,2.5853,rattle,Al2O3_Pna2_1_s35_0,group_13_metal_oxides_Al2O3_Pna2_1,group_13_metal_oxides_Al2O3_Pna2_1_s35_0_40.0%,-738.08990397,True
611,636,group_13_metal_oxides,Al2O3,Pna2_1,,,2.0,-368.90167827,,,,,,s16_0,60.0%,-729.88171465,2.5217,0.0168870407500003,4.8274,,-737.80335654,1.9911618199999328,2.5217,rattle,Al2O3_Pna2_1_s16_0,group_13_metal_oxides_Al2O3_Pna2_1,group_13_metal_oxides_Al2O3_Pna2_1_s16_0_60.0%,-729.88171465,True
633,658,group_13_metal_oxides,Al2O3,Pna2_1,,,2.0,-368.90167827,,,,,,s29_0,-60.0%,-736.12680875,2.1745,0.0168870407500003,4.8274,,-737.80335654,-4.253932280000027,2.1745,rattle,Al2O3_Pna2_1_s29_0,group_13_metal_oxides_Al2O3_Pna2_1,group_13_metal_oxides_Al2O3_Pna2_1_s29_0_-60.0%,-736.12680875,True
642,667,group_13_metal_oxides,Al2O3,Pna2_1,,,2.0,-368.90167827,,,,,,s26_0,40.0%,-736.16239517,1.7284000000000006,0.0168870407500003,4.8274,,-737.80335654,-4.289518699999986,1.7284000000000006,rattle,Al2O3_Pna2_1_s26_0,group_13_metal_oxides_Al2O3_Pna2_1,group_13_metal_oxides_Al2O3_Pna2_1_s26_0_40.0%,-736.16239517,True
653,678,group_13_metal_oxides,Al2O3,Pna2_1,,,2.0,-368.90167827,,,,,,s23_0,30.0%,-732.24938522,2.2112000000000007,0.0168870407500003,4.8274,,-737.80335654,-0.37650875000004014,2.2112000000000007,rattle,Al2O3_Pna2_1_s23_0,group_13_metal_oxides_Al2O3_Pna2_1,group_13_metal_oxides_Al2O3_Pna2_1_s23_0_30.0%,-732.24938522,True
660,685,group_13_metal_oxides,Al2O3,Pna2_1,,,2.0,-368.90167827,,,,,,s34_0,50.0%,-740.80572912,1.8232999999999997,0.0168870407500003,4.8274,,-737.80335654,-8.932852650000042,1.8232999999999997,rattle,Al2O3_Pna2_1_s34_0,group_13_metal_oxides_Al2O3_Pna2_1,group_13_metal_oxides_Al2O3_Pna2_1_s34_0_50.0%,-740.80572912,True
674,699,group_13_metal_oxides,Al2O3,Pna2_1,,,2.0,-368.90167827,,,,,,s37_0,60.0%,-729.89160627,2.3375999999999992,0.0168870407500003,4.8274,,-737.80335654,1.9812701999999707,2.3375999999999992,rattle,Al2O3_Pna2_1_s37_0,group_13_metal_oxides_Al2O3_Pna2_1,group_13_metal_oxides_Al2O3_Pna2_1_s37_0_60.0%,-729.89160627,True
689,714,group_13_metal_oxides,Al2O3,Pna2_1,,,2.0,-368.90167827,,,,,,s21_0,-20.0%,-741.79452581,1.9299999999999995,0.0168870407500003,4.8274,,-737.80335654,-9.92164934,1.9299999999999995,rattle,Al2O3_Pna2_1_s21_0,group_13_metal_oxides_Al2O3_Pna2_1,group_13_metal_oxides_Al2O3_Pna2_1_s21_0_-20.0%,-741.79452581,True
699,724,group_13_metal_oxides,Al2O3,Pna2_1,,,2.0,-368.90167827,,,,,,s17_0,60.0%,-728.14424748,1.3944,0.0168870407500003,4.8274,,-737.80335654,3.728628989999992,1.3944,rattle,Al2O3_Pna2_1_s17_0,group_13_metal_oxides_Al2O3_Pna2_1,group_13_metal_oxides_Al2O3_Pna2_1_s17_0_60.0%,-728.14424748,True
715,740,group_13_metal_oxides,Al2O3,Pna2_1,,,2.0,-368.90167827,,,,,,s22_0,-50.0%,-739.05041321,2.1894,0.0168870407500003,4.8274,,-737.80335654,-7.177536740000006,2.1894,rattle,Al2O3_Pna2_1_s22_0,group_13_metal_oxides_Al2O3_Pna2_1,group_13_metal_oxides_Al2O3_Pna2_1_s22_0_-50.0%,-739.05041321,True
724,749,group_13_metal_oxides,Al2O3,Pna2_1,,,2.0,-368.90167827,,,,,,s28_0,60.0%,-740.07110589,2.9959,0.0168870407500003,4.8274,,-737.80335654,-8.19822942000003,2.9959,rattle,Al2O3_Pna2_1_s28_0,group_13_metal_oxides_Al2O3_Pna2_1,group_13_metal_oxides_Al2O3_Pna2_1_s28_0_60.0%,-740.07110589,True
743,768,group_13_metal_oxides,Al2O3,Pna2_1,,,2.0,-368.90167827,,,,,,s27_0,-40.0%,-733.80925811,2.5283999999999995,0.0168870407500003,4.8274,,-737.80335654,-1.9363816399999916,2.5283999999999995,rattle,Al2O3_Pna2_1_s27_0,group_13_metal_oxides_Al2O3_Pna2_1,group_13_metal_oxides_Al2O3_Pna2_1_s27_0_-40.0%,-733.80925811,True
757,782,group_13_metal_oxides,Al2O3,Pna2_1,,,2.0,-368.90167827,,,,,,s39_0,40.0%,-732.83415594,1.2508,0.0168870407500003,4.8274,,-737.80335654,-0.9612794699999778,1.2508,rattle,Al2O3_Pna2_1_s39_0,group_13_metal_oxides_Al2O3_Pna2_1,group_13_metal_oxides_Al2O3_Pna2_1_s39_0_40.0%,-732.83415594,True
770,795,group_13_metal_oxides,Al2O3,Pna2_1,,,2.0,-368.90167827,,,,,,s38_0,40.0%,-728.87944077,2.3076000000000008,0.0168870407500003,4.8274,,-737.80335654,2.993435700000008,2.3076000000000008,rattle,Al2O3_Pna2_1_s38_0,group_13_metal_oxides_Al2O3_Pna2_1,group_13_metal_oxides_Al2O3_Pna2_1_s38_0_40.0%,-728.87944077,True
775,800,group_13_metal_oxides,Al2O3,Pna2_1,,,2.0,-368.90167827,,,,,,s20_0,50.0%,-729.28724234,2.8228,0.0168870407500003,4.8274,,-737.80335654,2.5856341299999475,2.8228,rattle,Al2O3_Pna2_1_s20_0,group_13_metal_oxides_Al2O3_Pna2_1,group_13_metal_oxides_Al2O3_Pna2_1_s20_0_50.0%,-729.28724234,True
789,815,group_13_metal_oxides,In2O3,Pbcn,,,8.0,-288.57301883,,,,,,s8_0,60.0%,-2298.93683536,1.4895000000000005,0.0495181169999998,0.7626999999999997,,-2308.58415064,3.7168352100003847,1.4895000000000005,rattle,In2O3_Pbcn_s8_0,group_13_metal_oxides_In2O3_Pbcn,group_13_metal_oxides_In2O3_Pbcn_s8_0_60.0%,-2298.93683536,True
813,839,group_13_metal_oxides,In2O3,Pbcn,,,8.0,-288.57301883,,,,,,s9_0,10.0%,-2298.94191843,1.4905999999999988,0.0495181169999998,0.7626999999999997,,-2308.58415064,3.7117521400002023,1.4905999999999988,rattle,In2O3_Pbcn_s9_0,group_13_metal_oxides_In2O3_Pbcn,group_13_metal_oxides_In2O3_Pbcn_s9_0_10.0%,-2298.94191843,True
823,849,group_13_metal_oxides,In2O3,Pbcn,,,8.0,-288.57301883,,,,,,s16_0,0.0%,-2299.40727019,1.6546999999999992,0.0495181169999998,0.7626999999999997,,-2308.58415064,3.2464003800002263,1.6546999999999992,rattle,In2O3_Pbcn_s16_0,group_13_metal_oxides_In2O3_Pbcn,group_13_metal_oxides_In2O3_Pbcn_s16_0_0.0%,-2299.40727019,True
833,860,group_13_metal_oxides,Ga2O3,R-3c,,,18.0,-102.33403641,,,,,,s4_0,30.0%,-1830.61328657,2.2523,0.0297935599999963,2.4025,,-1842.0126553799998,5.468888739999942,2.2523,rattle,Ga2O3_R-3c_s4_0,group_13_metal_oxides_Ga2O3_R-3c,group_13_metal_oxides_Ga2O3_R-3c_s4_0_30.0%,-1830.61328657,True
843,872,group_13_metal_oxides,In2O3,R-3c,-144.46393852,18.0,,,,s4_0,-30.0%,-2590.58677842,1.2653999999999996,,,,,,,-2600.35089336,,3.833634870000127,1.2653999999999996,higher_symmetry,In2O3_R-3c_s4_0,group_13_metal_oxides_In2O3_R-3c_higher_symmetry,group_13_metal_oxides_In2O3_R-3c_s4_0_-30.0%,-2590.58677842,True
858,889,group_13_metal_oxides,Tl2O,C2__m,,,16.0,-228.7142048,,,,,,s5_0,-50.0%,-3649.92266257,0.5395000000000003,0.0028308533333332,0.8411999999999997,,-3659.4272768,3.574134160000243,0.5395000000000003,rattle,Tl2O_C2__m_s5_0,group_13_metal_oxides_Tl2O_C2__m,group_13_metal_oxides_Tl2O_C2__m_s5_0_-50.0%,-3649.92266257,True
878,909,group_13_metal_oxides,Tl2O,C2__m,,,16.0,-228.7142048,,,,,,s4_0,10.0%,-3649.922644,0.5393999999999997,0.0028308533333332,0.8411999999999997,,-3659.4272768,3.574152729999854,0.5393999999999997,rattle,Tl2O_C2__m_s4_0,group_13_metal_oxides_Tl2O_C2__m,group_13_metal_oxides_Tl2O_C2__m_s4_0_10.0%,-3649.922644,True
887,918,group_13_metal_oxides,Al2O3,C2__m,-96.04087194,16.0,,,,s8_0,40.0%,-1523.05109304,3.8391,,,,,,,-1536.65395104,,7.6723779299999695,3.8391,higher_symmetry,Al2O3_C2__m_s8_0,group_13_metal_oxides_Al2O3_C2__m_higher_symmetry,group_13_metal_oxides_Al2O3_C2__m_s8_0_40.0%,-1523.05109304,True
892,923,group_13_metal_oxides,Al2O3,C2__m,-96.04087194,16.0,,,,s6_0,50.0%,-1523.55099837,4.2277,,,,,,,-1536.65395104,,7.17247260000015,4.2277,higher_symmetry,Al2O3_C2__m_s6_0,group_13_metal_oxides_Al2O3_C2__m_higher_symmetry,group_13_metal_oxides_Al2O3_C2__m_s6_0_50.0%,-1523.55099837,True
906,937,group_13_metal_oxides,Al2O3,C2__m,-96.04087194,16.0,,,,s4_0,60.0%,-1523.26879661,3.829099999999999,,,,,,,-1536.65395104,,7.454674360000057,3.829099999999999,higher_symmetry,Al2O3_C2__m_s4_0,group_13_metal_oxides_Al2O3_C2__m_higher_symmetry,group_13_metal_oxides_Al2O3_C2__m_s4_0_60.0%,-1523.26879661,True
918,949,group_13_metal_oxides,Al2O3,C2__m,,,16.0,-94.75971668,,,,,,s6_0,50.0%,-1503.1140687,3.571999999999999,0.009381222,4.4553,,-1516.15546688,7.110918109999988,3.571999999999999,rattle,Al2O3_C2__m_s6_0,group_13_metal_oxides_Al2O3_C2__m,group_13_metal_oxides_Al2O3_C2__m_s6_0_50.0%,-1503.1140687,True
943,974,group_13_metal_oxides,Al2O3,C2__m,,,16.0,-94.75971668,,,,,,s5_0,10.0%,-1502.99851956,3.1791,0.009381222,4.4553,,-1516.15546688,7.226467249999972,3.1791,rattle,Al2O3_C2__m_s5_0,group_13_metal_oxides_Al2O3_C2__m,group_13_metal_oxides_Al2O3_C2__m_s5_0_10.0%,-1502.99851956,True
946,977,group_13_metal_oxides,Al2O3,C2__m,,,16.0,-94.75971668,,,,,,s4_0,-10.0%,-1503.19309173,3.513100000000001,0.009381222,4.4553,,-1516.15546688,7.031895079999844,3.513100000000001,rattle,Al2O3_C2__m_s4_0,group_13_metal_oxides_Al2O3_C2__m,group_13_metal_oxides_Al2O3_C2__m_s4_0_-10.0%,-1503.19309173,True
967,1001,group_13_metal_oxides,Ga2O3,C2__m,,,16.0,-102.44877994,,,,,,s8_0,-60.0%,-1627.84925968,1.9365999999999992,0.0,2.0077999999999996,,-1639.18047904,5.4007392899999775,1.9365999999999992,rattle,Ga2O3_C2__m_s8_0,group_13_metal_oxides_Ga2O3_C2__m,group_13_metal_oxides_Ga2O3_C2__m_s8_0_-60.0%,-1627.84925968,True
975,1009,group_13_metal_oxides,Ga2O3,C2__m,,,16.0,-102.44877994,,,,,,s6_0,-50.0%,-1627.60217686,1.8141,0.0,2.0077999999999996,,-1639.18047904,5.64782210999981,1.8141,rattle,Ga2O3_C2__m_s6_0,group_13_metal_oxides_Ga2O3_C2__m,group_13_metal_oxides_Ga2O3_C2__m_s6_0_-50.0%,-1627.60217686,True
994,1028,group_13_metal_oxides,Ga2O3,C2__m,,,16.0,-102.44877994,,,,,,s4_0,20.0%,-1628.26976069,2.4068,0.0,2.0077999999999996,,-1639.18047904,4.9802382799997975,2.4068,rattle,Ga2O3_C2__m_s4_0,group_13_metal_oxides_Ga2O3_C2__m,group_13_metal_oxides_Ga2O3_C2__m_s4_0_20.0%,-1628.26976069,True
1007,1042,group_13_metal_oxides,Al2O3,Pbcn,,,4.0,-190.51147433,,,,,,s8_0,20.0%,-748.37373963,4.314299999999999,0.0933559135000008,5.313199999999999,,-762.04589732,7.741677619999949,4.314299999999999,rattle,Al2O3_Pbcn_s8_0,group_13_metal_oxides_Al2O3_Pbcn,group_13_metal_oxides_Al2O3_Pbcn_s8_0_20.0%,-748.37373963,True
1010,1045,group_13_metal_oxides,Al2O3,Pbcn,,,4.0,-190.51147433,,,,,,s16_0,60.0%,-748.5125266,4.2193000000000005,0.0933559135000008,5.313199999999999,,-762.04589732,7.602890649999994,4.2193000000000005,rattle,Al2O3_Pbcn_s16_0,group_13_metal_oxides_Al2O3_Pbcn,group_13_metal_oxides_Al2O3_Pbcn_s16_0_60.0%,-748.5125266,True
